<?xml version="1.0" encoding="UTF-8"?>
<jobs xmlns="http://www.demandware.com/xml/impex/jobs/2015-07-01">
    <job job-id="PinterestCatalogFeed" priority="0">
        <description/>
        <parameters/>
        <flow>
            <context site-id="RefArch"/>
            <step step-id="PinterestFeedRefArch" type="custom.Pinterest.ProductExport" enforce-restart="false">
                <description/>
                <parameters/>
            </step>
        </flow>
        <rules>
            <on-running runtime-threshold="60m" enabled="false">
                <mark-job-as-hanging/>
            </on-running>
        </rules>
        <triggers>
            <run-recurring enabled="true">
                <recurrence>
                    <date-from>2023-04-13Z</date-from>
                    <start-time>10:00:00.000Z</start-time>
                    <interval>1d</interval>
                    <day-of-week>
                        <weekday>Thursday</weekday>
                        <weekday>Monday</weekday>
                        <weekday>Saturday</weekday>
                        <weekday>Sunday</weekday>
                        <weekday>Wednesday</weekday>
                        <weekday>Tuesday</weekday>
                        <weekday>Friday</weekday>
                    </day-of-week>
                </recurrence>
            </run-recurring>
        </triggers>
    </job>

    <job job-id="PinterestCatalogFeedOutOfStock" priority="0">
        <description/>
        <parameters/>
        <flow>
            <context site-id="RefArch"/>
            <step step-id="ProductExportOutOfStockRefArch" type="custom.Pinterest.ProductExportOutOfStock" enforce-restart="false">
                <description/>
                <parameters/>
            </step>
        </flow>
        <rules>
            <on-running runtime-threshold="60m" enabled="false">
                <mark-job-as-hanging/>
            </on-running>
        </rules>
        <triggers>
            <run-recurring enabled="true">
                <recurrence>
                    <date-from>2023-04-13Z</date-from>
                    <start-time>04:00:00.000Z</start-time>
                    <interval>15m</interval>
                    <day-of-week>
                        <weekday>Thursday</weekday>
                        <weekday>Monday</weekday>
                        <weekday>Saturday</weekday>
                        <weekday>Sunday</weekday>
                        <weekday>Wednesday</weekday>
                        <weekday>Tuesday</weekday>
                        <weekday>Friday</weekday>
                    </day-of-week>
                </recurrence>
            </run-recurring>
        </triggers>
    </job>
</jobs>
